{"cameraMode":{"drawMode":0,"name":"Shaded","section":"Shading Mode"},"sceneLighting":true,"audioPlay":false,"sceneViewState":{"m_AlwaysRefresh":false,"showFog":true,"showSkybox":true,"showFlares":true,"showImageEffects":true,"showParticleSystems":true,"showVisualEffectGraphs":true,"m_FxEnabled":true},"in2DMode":false,"pivot":{"x":-24.939441680908204,"y":-24.545814514160158,"z":106.36347961425781},"rotation":{"x":0.1420939713716507,"y":-0.11123408377170563,"z":0.014830775558948517,"w":0.9831188321113586},"size":64.48133850097656,"orthographic":false}